ln	date	likes	comments	thumbnailUrl	Url
0	27-Mar-16	29	0	https://scontent.cdninstagram.com/vp/50ef7de2688665e2635e49b4c163d732/5B359005/t51.2885-15/s320x320/e35/18161497_1296952613735719_1412545933983350784_n.jpg	https://scontent.cdninstagram.com/vp/69b10373f8a870fe732ac24cfadc3a4c/5B4A5E48/t51.2885-15/s640x640/sh0.08/e35/18161497_1296952613735719_1412545933983350784_n.jpg
1	2-Jun-16	36	7	https://scontent.cdninstagram.com/vp/fff14fa9fb6457a08c7916d1c28668e1/5B445494/t51.2885-15/s320x320/e35/18095023_454883211523362_6548016459837079552_n.jpg	https://scontent.cdninstagram.com/vp/3d4290d5fbfef211cf04903ea015d2f3/5B2F2CD7/t51.2885-15/s640x640/sh0.08/e35/18095023_454883211523362_6548016459837079552_n.jpg
2	17-Jun-16	11	1	https://scontent.cdninstagram.com/vp/ff0af42e654bc67f4ca1bba8077c5e5e/5B4B1530/t51.2885-15/s320x320/e35/18013491_264382610693441_609664100791746560_n.jpg	https://scontent.cdninstagram.com/vp/cc3ee06578ddd1f178da4c5526e739fd/5B308EEC/t51.2885-15/s640x640/sh0.08/e35/18013491_264382610693441_609664100791746560_n.jpg
3	13-Jul-16	25	6	https://scontent.cdninstagram.com/vp/f17eb58baf641ba503f8e7fc53f4ef23/5B2C5A26/t51.2885-15/e35/p320x320/18013849_103505210218580_4761766125803405312_n.jpg	https://scontent.cdninstagram.com/vp/af4f66b79a51032028d069e85ca61545/5B384F71/t51.2885-15/sh0.08/e35/p640x640/18013849_103505210218580_4761766125803405312_n.jpg
4	16-Jul-16	35	0	https://scontent.cdninstagram.com/vp/f5e3e1ccecc54310ad489a5c347eda15/5B3A1C6D/t51.2885-15/s320x320/e35/18094642_160625834467697_4478793734514802688_n.jpg	https://scontent.cdninstagram.com/vp/c7aaef30f1bf2da0f2082e9f639ce1b6/5B324D2E/t51.2885-15/s640x640/sh0.08/e35/18094642_160625834467697_4478793734514802688_n.jpg
5	15-Aug-16	35	4	https://scontent.cdninstagram.com/vp/7a888212620875abc0fbb1c81d7fdc3b/5B48C900/t51.2885-15/s320x320/e35/18095340_818955858268530_3772067839599443968_n.jpg	https://scontent.cdninstagram.com/vp/e3b477638be7ba922ae48e051f460710/5B2BD943/t51.2885-15/s640x640/sh0.08/e35/18095340_818955858268530_3772067839599443968_n.jpg
6	19-Aug-16	31	3	https://scontent.cdninstagram.com/vp/e554fa6ebed2e212b837baad6409cc9f/5B3BB9D1/t51.2885-15/e35/p320x320/18012019_326810667734836_8129659323597979648_n.jpg	https://scontent.cdninstagram.com/vp/37a0635dc437276722cd711c38a33fa8/5B3CB886/t51.2885-15/sh0.08/e35/p640x640/18012019_326810667734836_8129659323597979648_n.jpg
7	20-Aug-16	32	0	https://scontent.cdninstagram.com/vp/e834a28afc606e8a8196d5907902aaba/5B372DC6/t51.2885-15/s320x320/e35/18011564_412274365803868_9044887867641298944_n.jpg	https://scontent.cdninstagram.com/vp/b588abca8a73b0ae4cb6ba2944d51e96/5B3D4585/t51.2885-15/s640x640/sh0.08/e35/18011564_412274365803868_9044887867641298944_n.jpg
8	29-Aug-16	24	0	https://scontent.cdninstagram.com/vp/32e9c19aac2ba069694381f47c25d7f8/5B401DD0/t51.2885-15/s320x320/e35/18095739_1548799448471633_7291072031410356224_n.jpg	https://scontent.cdninstagram.com/vp/012821531797416a4e1dcdd9b6a7b485/5B32109D/t51.2885-15/s640x640/sh0.08/e35/18095739_1548799448471633_7291072031410356224_n.jpg
9	10-Sep-16	22	2	https://scontent.cdninstagram.com/vp/c5f32cf726911abe5826124e767d86e3/5B38D19A/t51.2885-15/e35/p320x320/18161121_1297144560351790_4918443646543462400_n.jpg	https://scontent.cdninstagram.com/vp/eb1ed0aabf4211e38efa55e708ac8ce0/5B4B9367/t51.2885-15/sh0.08/e35/p640x640/18161121_1297144560351790_4918443646543462400_n.jpg
10	23-Dec-16	29	0	https://scontent.cdninstagram.com/vp/60ee2c0b2f5f63bd30c383704364022a/5B4AEEEA/t51.2885-15/e35/p320x320/18094654_248992798838285_7307705791207702528_n.jpg	https://scontent.cdninstagram.com/vp/ca780f23a5374647ea36d953071a4544/5B4DF3BD/t51.2885-15/sh0.08/e35/p640x640/18094654_248992798838285_7307705791207702528_n.jpg
11	15-Jul-17	9	1	https://scontent.cdninstagram.com/vp/69aaca78a1dff19f1d2f73e83bdd3518/5B468D30/t51.2885-15/s320x320/e35/19985217_1959217834298767_4685507465339469824_n.jpg	https://scontent.cdninstagram.com/vp/c0adf54fd0da491c92130dc426a7ccca/5B2D6157/t51.2885-15/e35/19985217_1959217834298767_4685507465339469824_n.jpg
12	30-Jul-17	14	2	https://scontent.cdninstagram.com/vp/7e1db805c133418260db0592ad75f063/5B2707B1/t51.2885-15/e35/p320x320/20478811_504565036561995_2833643027593953280_n.jpg	https://scontent.cdninstagram.com/vp/e04fede3f34258d5179d71e913a717dc/5B4562E6/t51.2885-15/sh0.08/e35/p640x640/20478811_504565036561995_2833643027593953280_n.jpg
13	29-Aug-17	33	6	https://scontent.cdninstagram.com/vp/2657be437763f9225ab249a2e72ed307/5B3EE840/t51.2885-15/s320x320/e35/21224923_488882401477598_6031694170324729856_n.jpg	https://scontent.cdninstagram.com/vp/4f0c09c9c6d749537e3e068906941a60/5B323F03/t51.2885-15/s640x640/sh0.08/e35/21224923_488882401477598_6031694170324729856_n.jpg
14	6-Nov-17	15	3	https://scontent.cdninstagram.com/vp/a417c67127e577a5b32b7869222a5e1c/5B40CD64/t51.2885-15/e35/p320x320/23164071_1914096488908819_4239611343717531648_n.jpg	https://scontent.cdninstagram.com/vp/3e13480b441cf574c6529945b517cba6/5B29A899/t51.2885-15/sh0.08/e35/p640x640/23164071_1914096488908819_4239611343717531648_n.jpg
15	25-Nov-17	26	1	https://scontent.cdninstagram.com/vp/ab5e44c827242424d2a880deeda185b6/5B328D12/t51.2885-15/s320x320/e35/23825043_152793625475448_6840092034309554176_n.jpg	https://scontent.cdninstagram.com/vp/6798bfe540a77f1357ab47badc44bd06/5B2A7F51/t51.2885-15/s640x640/sh0.08/e35/23825043_152793625475448_6840092034309554176_n.jpg
16	27-Dec-17	17	2	https://scontent.cdninstagram.com/vp/f1ca64a84941e211e1efcf96d23d48de/5B280090/t51.2885-15/e35/p320x320/26068563_530057750701049_2087824610933342208_n.jpg	https://scontent.cdninstagram.com/vp/b2749e16d32ee44c216c7569afe66eac/5B2956C7/t51.2885-15/sh0.08/e35/p640x640/26068563_530057750701049_2087824610933342208_n.jpg
17	7-Jan-18	25	6	https://scontent.cdninstagram.com/vp/c0d9fc029d390917b3328d49652af53c/5B421C07/t51.2885-15/e35/p320x320/26277035_176379396428521_4505671919026044928_n.jpg	https://scontent.cdninstagram.com/vp/2c3a55bc14fdb764ffc308e4452d4b09/5B34F850/t51.2885-15/sh0.08/e35/p640x640/26277035_176379396428521_4505671919026044928_n.jpg
18	30-Jan-18	23	2	https://scontent.cdninstagram.com/vp/ad97bd0c83cc5fe212047cdbfc97c302/5B4B131D/t51.2885-15/s320x320/e35/26863655_2460988064127174_3092204328010645504_n.jpg	https://scontent.cdninstagram.com/vp/e4d94c9d21ba344c8c39f524c9551d37/5B479550/t51.2885-15/s640x640/sh0.08/e35/26863655_2460988064127174_3092204328010645504_n.jpg
19	11-Feb-18	8	0	https://scontent.cdninstagram.com/vp/9c87fc3c029fd33b024962c97ff70124/5B471F42/t51.2885-15/e35/p320x320/27575174_834259090095598_3559866317391527936_n.jpg	https://scontent.cdninstagram.com/vp/44c88ca11c5744b90dad94a55e05bf92/5B3A8C15/t51.2885-15/sh0.08/e35/p640x640/27575174_834259090095598_3559866317391527936_n.jpg
